os,cpu,gpu,ram,kernel,driver,cpuscheduler
Arch Linux,AMD Ryzen 7 5700X 8-Core Processor,AMD Radeon RX 7900 GRE (RADV NAVI31),49249928,6.11.9-arch1-1,,performance
fps,frametime,cpu_load,gpu_load,cpu_temp,gpu_temp,gpu_core_clock,gpu_mem_clock,gpu_vram_used,gpu_power,ram_used,swap_used,process_rss,elapsed
119.914,8.33932,7.90816,100,57,65,2261,1073,4.89572,240,3.82286,0,0.0518723,467893627
120.349,8.30916,7.90816,100,57,65,2261,1073,4.89572,240,3.82286,0,0.0518723,568016552
119.858,8.34318,7.90816,100,57,65,2261,1073,4.89572,240,3.82286,0,0.0518723,668091967
118.119,8.46604,7.90816,100,57,65,2261,1073,4.89572,240,3.82286,0,0.0518723,768170571
115.72,8.64159,7.90816,100,57,65,2261,1073,4.89572,240,3.82286,0,0.0518723,868247236
116.725,8.56713,8.33333,100,57,65,2264,1124,4.89572,243,3.82598,0,0.0518723,968324151
117.595,8.50377,8.33333,100,57,65,2264,1124,4.89572,243,3.82598,0,0.0518723,1068400556
117.934,8.47933,8.33333,100,57,65,2264,1124,4.89572,243,3.82598,0,0.0518723,1168477261
119.996,8.33364,8.33333,100,57,65,2264,1124,4.89572,243,3.82598,0,0.0518723,1268555776
120.572,8.29379,8.33333,100,57,65,2264,1124,4.89572,243,3.82598,0,0.0518723,1368632231
119.433,8.3729,9.20398,100,56,66,2255,1124,4.89572,244,3.82574,0,0.0518723,1468707856
119.542,8.36526,9.20398,100,56,66,2255,1124,4.89572,244,3.82574,0,0.0518723,1568785141
116.783,8.56293,9.20398,100,56,66,2255,1124,4.89572,244,3.82574,0,0.0518723,1668861535
117.804,8.48864,9.20398,100,56,66,2255,1124,4.89572,244,3.82574,0,0.0518723,1768940640
119.612,8.36035,9.20398,100,56,66,2255,1124,4.89572,244,3.82574,0,0.0518723,1869019275
117.321,8.52363,11.8602,100,56,66,2248,1124,4.89572,243,3.82441,0,0.0518723,1969100760
118.924,8.40874,11.8602,100,56,66,2248,1124,4.89572,243,3.82441,0,0.0518723,2069185465
118.412,8.44506,11.8602,100,56,66,2248,1124,4.89572,243,3.82441,0,0.0518723,2169276980
119.542,8.36528,11.8602,100,56,66,2248,1124,4.89572,243,3.82441,0,0.0518723,2269385415
118.3,8.45306,11.8602,100,56,66,2248,1124,4.89572,243,3.82441,0,0.0518723,2369462660
119.566,8.36357,13.3416,100,56,66,2263,1124,4.89572,244,3.82122,0,0.0518723,2469538354
118.492,8.43939,13.3416,100,56,66,2263,1124,4.89572,244,3.82122,0,0.0518723,2569616359
119.784,8.34834,13.3416,100,56,66,2263,1124,4.89572,244,3.82122,0,0.0518723,2669695084
118.72,8.4232,13.3416,100,56,66,2263,1124,4.89572,244,3.82122,0,0.0518723,2769772299
119.102,8.39616,13.3416,100,56,66,2263,1124,4.89572,244,3.82122,0,0.0518723,2869853164
115.803,8.63536,9.75309,100,55,67,2255,1124,4.89572,243,3.815,0,0.0518723,2969947469
119.745,8.35105,9.75309,100,55,67,2255,1124,4.89572,243,3.815,0,0.0518723,3070025134
118.83,8.41541,9.75309,100,55,67,2255,1124,4.89572,243,3.815,0,0.0518723,3170101679
119.385,8.37626,9.75309,100,55,67,2255,1124,4.89572,243,3.815,0,0.0518723,3270179014
117.976,8.47626,9.75309,100,55,67,2255,1124,4.89572,243,3.815,0,0.0518723,3370253948
118.811,8.41675,9.50617,100,55,67,2264,1124,4.89182,244,3.80721,0,0.0518723,3470329863
118.493,8.43935,9.50617,100,55,67,2264,1124,4.89182,244,3.80721,0,0.0518723,3570410508
118.487,8.43972,9.50617,100,55,67,2264,1124,4.89182,244,3.80721,0,0.0518723,3670499073
119.197,8.38949,9.50617,100,55,67,2264,1124,4.89182,244,3.80721,0,0.0518723,3770579208
118.985,8.40442,9.50617,100,55,67,2264,1124,4.89182,244,3.80721,0,0.0518723,3870659703
119.401,8.37517,9.65347,100,54,67,2236,1124,4.89182,244,3.81191,0,0.0518723,3970738768
119.086,8.39729,9.65347,100,54,67,2236,1124,4.89182,244,3.81191,0,0.0518723,4070814053
119.193,8.38972,9.65347,100,54,67,2236,1124,4.89182,244,3.81191,0,0.0518723,4170890097
120.057,8.32938,9.65347,100,54,67,2236,1124,4.89182,244,3.81191,0,0.0518723,4270968822
119.224,8.38756,9.65347,100,54,67,2236,1124,4.89182,244,3.81191,0,0.0518723,4371049467
117.032,8.54465,8.96638,100,54,67,2273,1124,4.89182,246,3.81093,0,0.0518723,4471135562
119.508,8.36767,8.96638,100,54,67,2273,1124,4.89182,246,3.81093,0,0.0518723,4571215247
118.98,8.40476,8.96638,100,54,67,2273,1124,4.89182,246,3.81093,0,0.0518723,4671294452
118.658,8.42758,8.96638,100,54,67,2273,1124,4.89182,246,3.81093,0,0.0518723,4771374297
119.345,8.37908,8.96638,100,54,67,2273,1124,4.89182,246,3.81093,0,0.0518723,4871461222
118.82,8.41607,8.86392,99,54,67,2269,1124,4.89182,243,3.80825,0,0.0518723,4971542176
119.782,8.34848,8.86392,99,54,67,2269,1124,4.89182,243,3.80825,0,0.0518723,5071618441
118.26,8.45595,8.86392,99,54,67,2269,1124,4.89182,243,3.80825,0,0.0518723,5171695516
118.171,8.46231,8.86392,99,54,67,2269,1124,4.89182,243,3.80825,0,0.0518723,5271771431
119.029,8.40129,8.86392,99,54,67,2269,1124,4.89182,243,3.80825,0,0.0518723,5371851746
117.039,8.54418,8.5,100,53,67,2234,1124,4.89182,243,3.81044,0,0.0518723,5471929421
117.43,8.51573,8.5,100,53,67,2234,1124,4.89182,243,3.81044,0,0.0518723,5572005256
119.713,8.35332,8.5,100,53,67,2234,1124,4.89182,243,3.81044,0,0.0518723,5672082551
118.617,8.43048,8.5,100,53,67,2234,1124,4.89182,243,3.81044,0,0.0518723,5772160775
119.169,8.39141,8.5,100,53,67,2234,1124,4.89182,243,3.81044,0,0.0518723,5872239600
116.596,8.57662,8.63579,100,53,67,2256,1124,4.89182,240,3.81353,0,0.0518723,5972316275
118.013,8.47367,8.63579,100,53,67,2256,1124,4.89182,240,3.81353,0,0.0518723,6072390630
119.958,8.33627,8.63579,100,53,67,2256,1124,4.89182,240,3.81353,0,0.0518723,6172469205
119.9,8.34025,8.63579,100,53,67,2256,1124,4.89182,240,3.81353,0,0.0518723,6272548480
118.618,8.43046,8.63579,100,53,67,2256,1124,4.89182,240,3.81353,0,0.0518723,6372625815
119.334,8.37983,8.60349,100,53,68,2263,1124,4.89182,244,3.81127,0,0.0518723,6472722870
119.789,8.348,8.60349,100,53,68,2263,1124,4.89182,244,3.81127,0,0.0518723,6572801015
118.97,8.40547,8.60349,100,53,68,2263,1124,4.89182,244,3.81127,0,0.0518723,6672883569
117.5,8.5106,8.60349,100,53,68,2263,1124,4.89182,244,3.81127,0,0.0518723,6772963894
120.184,8.32059,8.60349,100,53,68,2263,1124,4.89182,244,3.81127,0,0.0518723,6873042739
118.995,8.40374,12.6408,100,52,68,2248,1124,4.89182,242,3.80963,0,0.0518723,6973121174
119.154,8.39252,12.6408,100,52,68,2248,1124,4.89182,242,3.80963,0,0.0518723,7073197229
120.158,8.32234,12.6408,100,52,68,2248,1124,4.89182,242,3.80963,0,0.0518723,7173285154
115.978,8.6223,12.6408,100,52,68,2248,1124,4.89182,242,3.80963,0,0.0518723,7273398159
118.709,8.42396,12.6408,100,52,68,2248,1124,4.89182,242,3.80963,0,0.0518723,7373484464
120.318,8.31131,11.5144,100,52,68,2260,1124,4.89182,240,3.779,0,0.0518723,7473564798
119.698,8.35438,11.5144,100,52,68,2260,1124,4.89182,240,3.779,0,0.0518723,7573641443
118.875,8.41216,11.5144,100,52,68,2260,1124,4.89182,240,3.779,0,0.0518723,7673717018
120.009,8.33274,11.5144,100,52,68,2260,1124,4.89182,240,3.779,0,0.0518723,7773795333
118.69,8.42533,11.5144,100,52,68,2260,1124,4.89182,240,3.779,0,0.0518723,7873871218
119.849,8.34381,8.64662,100,52,68,2262,1124,4.89182,243,3.78084,0,0.0518723,7973946643
118.132,8.46511,8.64662,100,52,68,2262,1124,4.89182,243,3.78084,0,0.0518723,8074023258
118.618,8.4304,8.64662,100,52,68,2262,1124,4.89182,243,3.78084,0,0.0518723,8174103373
118.849,8.41403,8.64662,100,52,68,2262,1124,4.89182,243,3.78084,0,0.0518723,8274180978
118.31,8.4524,8.64662,100,52,68,2262,1124,4.89182,243,3.78084,0,0.0518723,8374258532
117.446,8.51452,9.62963,100,52,69,2265,1124,4.89182,239,3.78061,0,0.0518723,8474337297
118.464,8.44141,9.62963,100,52,69,2265,1124,4.89182,239,3.78061,0,0.0518723,8574414222
119.121,8.39484,9.62963,100,52,69,2265,1124,4.89182,239,3.78061,0,0.0518723,8674490727
119.714,8.35326,9.62963,100,52,69,2265,1124,4.89182,239,3.78061,0,0.0518723,8774568352
106.576,9.38299,9.62963,100,52,69,2265,1124,4.89182,239,3.78061,0,0.0518723,8874648437
116.773,8.56365,9.10224,100,51,69,2266,1124,4.89389,241,3.78016,0,0.0518723,8974727872
106.618,9.37924,9.10224,100,51,69,2266,1124,4.89389,241,3.78016,0,0.0518723,9074804367
106.711,9.37113,9.10224,100,51,69,2266,1124,4.89389,241,3.78016,0,0.0518723,9174884821
108.588,9.2091,9.10224,100,51,69,2266,1124,4.89389,241,3.78016,0,0.0518723,9274962636
108.717,9.19823,9.10224,100,51,69,2266,1124,4.89389,241,3.78016,0,0.0518723,9375041691
106.672,9.37451,9.22509,100,51,69,2256,1124,4.89389,242,3.78718,0,0.0518723,9475118346
107.575,9.29583,9.22509,100,51,69,2256,1124,4.89389,242,3.78718,0,0.0518723,9575193911
106.885,9.35588,9.22509,100,51,69,2256,1124,4.89389,242,3.78718,0,0.0518723,9675283606
106.483,9.39116,9.22509,100,51,69,2256,1124,4.89389,242,3.78718,0,0.0518723,9775360301
107.328,9.31723,9.22509,100,51,69,2256,1124,4.89389,242,3.78718,0,0.0518723,9875435556
108.027,9.25696,10.8508,100,51,69,2249,1124,4.89389,242,3.78838,0,0.0518723,9975514020
107.507,9.30171,10.8508,100,51,69,2249,1124,4.89389,242,3.78838,0,0.0518723,10075587135
106.859,9.35816,10.8508,100,51,69,2249,1124,4.89389,242,3.78838,0,0.0518723,10175662830
106.364,9.40164,10.8508,100,51,69,2249,1124,4.89389,242,3.78838,0,0.0518723,10275739555
106.826,9.36106,10.8508,100,51,69,2249,1124,4.89389,242,3.78838,0,0.0518723,10375817530
107.171,9.33084,8.48939,100,51,69,2278,1124,4.89389,245,3.7942,0,0.0518723,10475894175
107.147,9.33296,8.48939,100,51,69,2278,1124,4.89389,245,3.7942,0,0.0518723,10575967390
109.242,9.15401,8.48939,100,51,69,2278,1124,4.89389,245,3.7942,0,0.0518723,10676044975
107.538,9.299,8.48939,100,51,69,2278,1124,4.89389,245,3.7942,0,0.0518723,10776136369
107.011,9.34482,8.48939,100,51,69,2278,1124,4.89389,245,3.7942,0,0.0518723,10876213034
106.694,9.37256,8.48939,100,51,69,2278,1124,4.89389,245,3.7942,0,0.0518723,10976289089
106.352,9.40277,9.88875,100,50,69,2266,1124,4.89389,242,3.79019,0,0.0518723,11076368604
106.163,9.41947,9.88875,100,50,69,2266,1124,4.89389,242,3.79019,0,0.0518723,11176445309
105.003,9.52357,9.88875,100,50,69,2266,1124,4.89389,242,3.79019,0,0.0518723,11276522784
106.291,9.40817,9.88875,100,50,69,2266,1124,4.89389,242,3.79019,0,0.0518723,11376598439
106.458,9.39336,9.88875,100,50,69,2266,1124,4.89389,242,3.79019,0,0.0518723,11476681084
107.39,9.31184,9.93865,100,50,69,2248,1124,4.89389,243,3.78379,0,0.0518723,11576759599
107.529,9.29978,9.93865,100,50,69,2248,1124,4.89389,243,3.78379,0,0.0518723,11676836083
107.516,9.30093,9.93865,100,50,69,2248,1124,4.89389,243,3.78379,0,0.0518723,11776914608
108.773,9.19343,9.93865,100,50,69,2248,1124,4.89389,243,3.78379,0,0.0518723,11876996243
106.609,9.38004,9.93865,100,50,69,2248,1124,4.89389,243,3.78379,0,0.0518723,11977080048
105.936,9.43968,13.0489,100,50,69,2238,1124,4.89389,243,3.77188,0,0.0518723,12077172523
106.374,9.40082,13.0489,100,50,69,2238,1124,4.89389,243,3.77188,0,0.0518723,12177276148
107.529,9.29986,13.0489,100,50,69,2238,1124,4.89389,243,3.77188,0,0.0518723,12277355823
107.95,9.26359,13.0489,100,50,69,2238,1124,4.89389,243,3.77188,0,0.0518723,12377431748
107.176,9.33047,13.0489,100,50,69,2238,1124,4.89389,243,3.77188,0,0.0518723,12477508342
106.582,9.38243,11.0834,100,50,69,2249,1124,4.89389,242,3.77259,0,0.0518723,12577589057
105.906,9.44232,11.0834,100,50,69,2249,1124,4.89389,242,3.77259,0,0.0518723,12677667862
105.11,9.51383,11.0834,100,50,69,2249,1124,4.89389,242,3.77259,0,0.0518723,12777745427
107.35,9.3153,11.0834,100,50,69,2249,1124,4.89389,242,3.77259,0,0.0518723,12877824192
107.897,9.2681,11.0834,100,50,69,2249,1124,4.89389,242,3.77259,0,0.0518723,12977901077
108.596,9.20842,8.84184,100,50,69,2253,1124,4.89389,242,3.77214,0,0.0518723,13077978862
105.649,9.46531,8.84184,100,50,69,2253,1124,4.89389,242,3.77214,0,0.0518723,13178058237
105.949,9.43853,8.84184,100,50,69,2253,1124,4.89389,242,3.77214,0,0.0518723,13278136171
106.903,9.35429,8.84184,100,50,69,2253,1124,4.89389,242,3.77214,0,0.0518723,13378216476
108.092,9.25136,8.84184,100,50,69,2253,1124,4.89389,242,3.77214,0,0.0518723,13478296211
107.522,9.30042,8.79802,100,50,70,2267,1124,4.89389,243,3.775,0,0.0518723,13578375946
107.112,9.33601,8.79802,100,50,70,2267,1124,4.89389,243,3.775,0,0.0518723,13678454401
107.663,9.28821,8.79802,100,50,70,2267,1124,4.89389,243,3.775,0,0.0518723,13778531726
106.116,9.42365,8.79802,100,50,70,2267,1124,4.89389,243,3.775,0,0.0518723,13878611531
107.095,9.33753,8.79802,100,50,70,2267,1124,4.89389,243,3.775,0,0.0518723,13978691036
106.837,9.36005,9.93865,100,50,70,2254,1124,4.89389,244,3.77764,0,0.0518723,14078769231
106.509,9.38883,9.93865,100,50,70,2254,1124,4.89389,244,3.77764,0,0.0518723,14178847115
107.321,9.31783,9.93865,100,50,70,2254,1124,4.89389,244,3.77764,0,0.0518723,14278931870
106.524,9.38759,9.93865,100,50,70,2254,1124,4.89389,244,3.77764,0,0.0518723,14379018625
107.421,9.30916,9.93865,100,50,70,2254,1124,4.89389,244,3.77764,0,0.0518723,14479095640
105.718,9.45914,9.01235,100,50,70,2242,1124,4.89389,244,3.78182,0,0.0518723,14579175935
108.257,9.23732,9.01235,100,50,70,2242,1124,4.89389,244,3.78182,0,0.0518723,14679255720
105.783,9.45329,9.01235,100,50,70,2242,1124,4.89389,244,3.78182,0,0.0518723,14779343945
105.265,9.49981,9.01235,100,50,70,2242,1124,4.89389,244,3.78182,0,0.0518723,14879379180
105.901,9.44281,9.01235,100,50,70,2242,1124,4.89389,244,3.78182,0,0.0518723,14979454734
107.16,9.33184,8.87793,100,49,70,2250,1124,4.89389,242,3.77774,0,0.0518723,15079548619
106.43,9.39583,8.87793,100,49,70,2250,1124,4.89389,242,3.77774,0,0.0518723,15179623144
106.33,9.40471,8.87793,100,49,70,2250,1124,4.89389,242,3.77774,0,0.0518723,15279699659
106.734,9.36911,8.87793,100,49,70,2250,1124,4.89389,242,3.77774,0,0.0518723,15379775354
105.896,9.44324,8.87793,100,49,70,2250,1124,4.89389,242,3.77774,0,0.0518723,15479851159
99.9753,10.0025,9.10209,100,49,70,2250,1124,4.89597,243,3.77839,0,0.0518723,15579929124
107.07,9.33965,9.10209,100,49,70,2250,1124,4.89597,243,3.77839,0,0.0518723,15680006269
109.446,9.13688,9.10209,100,49,70,2250,1124,4.89597,243,3.77839,0,0.0518723,15780083533
110.77,9.02773,9.10209,100,49,70,2250,1124,4.89597,243,3.77839,0,0.0518723,15880160168
107.574,9.29589,9.10209,100,49,70,2250,1124,4.89597,243,3.77839,0,0.0518723,15980234993
109.937,9.09612,9.97537,100,49,70,2262,1124,4.89597,243,3.77658,0,0.0518723,16080313278
108.188,9.24319,9.97537,100,49,70,2262,1124,4.89597,243,3.77658,0,0.0518723,16180389923
108.349,9.22939,9.97537,100,49,70,2262,1124,4.89597,243,3.77658,0,0.0518723,16280467278
106.854,9.35859,9.97537,100,49,70,2262,1124,4.89597,243,3.77658,0,0.0518723,16380544353
107.895,9.26826,9.97537,100,49,70,2262,1124,4.89597,243,3.77658,0,0.0518723,16480622198
107.163,9.33156,9.55882,100,49,70,2256,1124,4.8939,244,3.7781,0,0.0518723,16580699622
107.223,9.32633,9.55882,100,49,70,2256,1124,4.8939,244,3.7781,0,0.0518723,16680775437
106.918,9.35293,9.55882,100,49,70,2256,1124,4.8939,244,3.7781,0,0.0518723,16780857232
106.991,9.34655,9.55882,100,49,70,2256,1124,4.8939,244,3.7781,0,0.0518723,16880947087
107.771,9.27894,9.55882,100,49,70,2256,1124,4.8939,244,3.7781,0,0.0518723,16981025382
107.168,9.33113,13.8191,100,49,70,2240,1124,4.8939,243,3.76999,0,0.0518723,17081105207
108.099,9.25078,13.8191,100,49,70,2240,1124,4.8939,243,3.76999,0,0.0518723,17181187062
108.489,9.21756,13.8191,100,49,70,2240,1124,4.8939,243,3.76999,0,0.0518723,17281276757
107.912,9.26684,13.8191,100,49,70,2240,1124,4.8939,243,3.76999,0,0.0518723,17381356072
107.366,9.31396,13.8191,100,49,70,2240,1124,4.8939,243,3.76999,0,0.0518723,17481434206
107.039,9.34237,9.37896,100,50,70,2242,1124,4.8939,239,3.77429,0,0.0518723,17581512591
106.691,9.37282,9.37896,100,50,70,2242,1124,4.8939,239,3.77429,0,0.0518723,17681589716
107.628,9.29126,9.37896,100,50,70,2242,1124,4.8939,239,3.77429,0,0.0518723,17781670211
106.653,9.37617,9.37896,100,50,70,2242,1124,4.8939,239,3.77429,0,0.0518723,17881750976
106.996,9.34618,9.37896,100,50,70,2242,1124,4.8939,239,3.77429,0,0.0518723,17981827731
107.676,9.2871,8.86392,100,49,70,2266,1124,4.8939,239,3.77459,0,0.0518723,18081906306
107.526,9.30009,8.86392,100,49,70,2266,1124,4.8939,239,3.77459,0,0.0518723,18181987021
107.466,9.30529,8.86392,100,49,70,2266,1124,4.8939,239,3.77459,0,0.0518723,18282064625
107.711,9.28412,8.86392,100,49,70,2266,1124,4.8939,239,3.77459,0,0.0518723,18382139630
105.657,9.46457,8.86392,100,49,70,2266,1124,4.8939,239,3.77459,0,0.0518723,18482218085
106.972,9.3482,8.46824,100,49,70,2240,1124,4.87896,244,3.77906,0,0.0518723,18582295210
106.409,9.39775,8.46824,100,49,70,2240,1124,4.87896,244,3.77906,0,0.0518723,18682370875
106.635,9.3778,8.46824,100,49,70,2240,1124,4.87896,244,3.77906,0,0.0518723,18782450370
107.529,9.29986,8.46824,100,49,70,2240,1124,4.87896,244,3.77906,0,0.0518723,18882533845
107.601,9.29364,8.46824,100,49,70,2240,1124,4.87896,244,3.77906,0,0.0518723,18982611960
107.439,9.3076,9.61776,100,49,70,2253,1124,4.87896,242,3.78234,0,0.0518723,19082698124
106.54,9.38613,9.61776,100,49,70,2253,1124,4.87896,242,3.78234,0,0.0518723,19182779469
105.64,9.46607,9.61776,100,49,70,2253,1124,4.87896,242,3.78234,0,0.0518723,19282857694
106.317,9.40588,9.61776,100,49,70,2253,1124,4.87896,242,3.78234,0,0.0518723,19382936589
106.314,9.40606,9.61776,100,49,70,2253,1124,4.87896,242,3.78234,0,0.0518723,19483018094
106.99,9.34669,9.61776,100,49,70,2240,1124,4.87896,243,3.78439,0,0.0518723,19583105499
106.929,9.35203,9.61776,100,49,70,2240,1124,4.87896,243,3.78439,0,0.0518723,19683183744
106.618,9.37926,9.61776,100,49,70,2240,1124,4.87896,243,3.78439,0,0.0518723,19783262239
108.58,9.20979,9.61776,100,49,70,2240,1124,4.87896,243,3.78439,0,0.0518723,19883341344
108.055,9.25455,9.61776,100,49,70,2240,1124,4.87896,243,3.78439,0,0.0518723,19983421158
108.641,9.20466,9.97537,100,49,70,2238,1124,4.87896,242,3.78254,0,0.0518723,20083498553
108.508,9.21593,9.97537,100,49,70,2238,1124,4.87896,242,3.78254,0,0.0518723,20183575068
108.871,9.18515,9.97537,100,49,70,2238,1124,4.87896,242,3.78254,0,0.0518723,20283650583
108.497,9.21681,9.97537,100,49,70,2238,1124,4.87896,242,3.78254,0,0.0518723,20383733208
109.546,9.12854,9.97537,100,49,70,2238,1124,4.87896,242,3.78254,0,0.0518723,20483821423
108.098,9.25086,9.57055,100,49,70,2243,1124,4.87896,242,3.78146,0,0.0518723,20583900408
109.559,9.12753,9.57055,100,49,70,2243,1124,4.87896,242,3.78146,0,0.0518723,20683975203
108.877,9.18464,9.57055,100,49,70,2243,1124,4.87896,242,3.78146,0,0.0518723,20784051347
108.119,9.24905,9.57055,100,49,70,2243,1124,4.87896,242,3.78146,0,0.0518723,20884129192
109.556,9.12776,9.57055,100,49,70,2243,1124,4.87896,242,3.78146,0,0.0518723,20984206537
108.067,9.25352,8.56079,100,49,70,2242,1124,4.87896,244,3.78271,0,0.0518723,21084286812
109.835,9.10458,8.56079,100,49,70,2242,1124,4.87896,244,3.78271,0,0.0518723,21184359377
109.266,9.15197,8.56079,100,49,70,2242,1124,4.87896,244,3.78271,0,0.0518723,21284435832
108.64,9.20475,8.56079,100,49,70,2242,1124,4.87896,244,3.78271,0,0.0518723,21384516407
110.586,9.04272,8.56079,100,49,70,2242,1124,4.87896,244,3.78271,0,0.0518723,21484593852
109.577,9.12597,7.92453,100,49,70,2265,1124,4.87896,243,3.78437,0,0.0518723,21584672066
109.462,9.13556,7.92453,100,49,70,2265,1124,4.87896,243,3.78437,0,0.0518723,21684746981
107.957,9.26293,7.92453,100,49,70,2265,1124,4.87896,243,3.78437,0,0.0518723,21784826146
109.131,9.16333,7.92453,100,49,70,2265,1124,4.87896,243,3.78437,0,0.0518723,21884904371
110.052,9.08665,7.92453,100,49,70,2265,1124,4.87896,243,3.78437,0,0.0518723,21984983246
108.846,9.18727,14.268,100,49,70,2246,1124,4.87896,243,3.77757,0,0.0518723,22085063201
108.685,9.20086,14.268,100,49,70,2246,1124,4.87896,243,3.77757,0,0.0518723,22185137146
108.421,9.22328,14.268,100,49,70,2246,1124,4.87896,243,3.77757,0,0.0518723,22285215591
109.781,9.10902,14.268,100,49,70,2246,1124,4.87896,243,3.77757,0,0.0518723,22385293656
110.172,9.07672,14.268,100,49,70,2246,1124,4.87896,243,3.77757,0,0.0518723,22485369580
109.649,9.12002,14.268,100,49,70,2246,1124,4.87896,243,3.77757,0,0.0518723,22585444995
109.809,9.10672,8.82724,100,49,70,2259,1124,4.87896,243,3.78034,0,0.0518723,22685533530
108.249,9.23798,8.82724,100,49,70,2259,1124,4.87896,243,3.78034,0,0.0518723,22785619065
108.698,9.19979,8.82724,100,49,70,2259,1124,4.87896,243,3.78034,0,0.0518723,22885699420
109.297,9.14942,8.82724,100,49,70,2259,1124,4.87896,243,3.78034,0,0.0518723,22985780795
109.93,9.09671,8.82724,100,49,70,2259,1124,4.87896,243,3.78034,0,0.0518723,23085860370
108.881,9.18431,8.61423,100,49,70,2261,1124,4.87896,243,3.77988,0,0.0518723,23185938575
108.309,9.23281,8.61423,100,49,70,2261,1124,4.87896,243,3.77988,0,0.0518723,23286013299
110.167,9.0771,8.61423,100,49,70,2261,1124,4.87896,243,3.77988,0,0.0518723,23386095594
108.671,9.20205,8.61423,100,49,70,2261,1124,4.87896,243,3.77988,0,0.0518723,23486175599
108.434,9.22217,8.61423,100,49,70,2261,1124,4.87896,243,3.77988,0,0.0518723,23586252534
108.559,9.21157,9.18114,100,49,70,2247,1124,4.87896,243,3.7827,0,0.0518723,23686333209
108.734,9.19678,9.18114,100,49,70,2247,1124,4.87896,243,3.7827,0,0.0518723,23786424924
109.47,9.13492,9.18114,100,49,70,2247,1124,4.87896,243,3.7827,0,0.0518723,23886501059
108.046,9.25531,9.18114,100,49,70,2247,1124,4.87896,243,3.7827,0,0.0518723,23986576764
108.425,9.22293,9.18114,100,49,70,2247,1124,4.87896,243,3.7827,0,0.0518723,24086658878
107.437,9.30779,8.92193,100,49,69,2267,1124,4.87896,243,3.77682,0,0.0518723,24186739033
109.923,9.09729,8.92193,100,49,69,2267,1124,4.87896,243,3.77682,0,0.0518723,24286816378
107.818,9.27493,8.92193,100,49,69,2267,1124,4.87896,243,3.77682,0,0.0518723,24386892513
108.53,9.21404,8.92193,100,49,69,2267,1124,4.87896,243,3.77682,0,0.0518723,24486970388
108.573,9.21041,8.92193,100,49,69,2267,1124,4.87896,243,3.77682,0,0.0518723,24587052943
108.548,9.21255,8.99015,100,49,69,2273,1124,4.87896,243,3.77925,0,0.0518723,24687146668
108.107,9.25006,8.99015,100,49,69,2273,1124,4.87896,243,3.77925,0,0.0518723,24787227463
108.375,9.22723,8.99015,100,49,69,2273,1124,4.87896,243,3.77925,0,0.0518723,24887308898
107.747,9.28096,8.99015,100,49,69,2273,1124,4.87896,243,3.77925,0,0.0518723,24987387562
109.665,9.11872,8.99015,100,49,69,2273,1124,4.87896,243,3.77925,0,0.0518723,25087464427
108.822,9.18933,9.23645,100,49,69,2270,1124,4.87896,243,3.77896,0,0.0518723,25187540702
108.205,9.24174,9.23645,100,49,69,2270,1124,4.87896,243,3.77896,0,0.0518723,25287616147
109.581,9.1257,9.23645,100,49,69,2270,1124,4.87896,243,3.77896,0,0.0518723,25387690102
108.504,9.21627,9.23645,100,49,69,2270,1124,4.87896,243,3.77896,0,0.0518723,25487771887
109.035,9.17132,9.23645,100,49,69,2270,1124,4.87896,243,3.77896,0,0.0518723,25587856142
108.403,9.22483,9.7171,100,49,69,2259,1124,4.87896,239,3.77905,0,0.0518723,25687935947
109.075,9.16798,9.7171,100,49,69,2259,1124,4.87896,239,3.77905,0,0.0518723,25788017471
108.002,9.25912,9.7171,100,49,69,2259,1124,4.87896,239,3.77905,0,0.0518723,25888096736
109.014,9.17313,9.7171,100,49,69,2259,1124,4.87896,239,3.77905,0,0.0518723,25988173141
108.008,9.25861,9.7171,100,49,69,2259,1124,4.87896,239,3.77905,0,0.0518723,26088248336
107.979,9.26108,9.35961,100,49,70,2278,1124,4.87896,241,3.77914,0,0.0518723,26188326221
109.963,9.09396,9.35961,100,49,70,2278,1124,4.87896,241,3.77914,0,0.0518723,26288403216
108.544,9.21284,9.35961,100,49,70,2278,1124,4.87896,241,3.77914,0,0.0518723,26388490641
106.927,9.35219,9.35961,100,49,70,2278,1124,4.87896,241,3.77914,0,0.0518723,26488566996
106.876,9.35662,9.35961,100,49,70,2278,1124,4.87896,241,3.77914,0,0.0518723,26588644630
107.145,9.33313,8.07453,100,49,70,2268,1124,4.87896,243,3.7822,0,0.0518723,26688722275
106.775,9.36549,8.07453,100,49,70,2268,1124,4.87896,243,3.7822,0,0.0518723,26788799780
108.829,9.18871,8.07453,100,49,70,2268,1124,4.87896,243,3.7822,0,0.0518723,26888883025
107.454,9.30626,8.07453,100,49,70,2268,1124,4.87896,243,3.7822,0,0.0518723,26988962080
108.496,9.21696,8.07453,100,49,70,2268,1124,4.87896,243,3.7822,0,0.0518723,27089037645
106.871,9.35705,13.728,100,50,69,2270,1124,4.87896,244,3.77831,0,0.0518723,27189117430
108.7,9.1996,13.728,100,50,69,2270,1124,4.87896,244,3.77831,0,0.0518723,27289194845
107.757,9.28012,13.728,100,50,69,2270,1124,4.87896,244,3.77831,0,0.0518723,27389273620
107.171,9.33086,13.728,100,50,69,2270,1124,4.87896,244,3.77831,0,0.0518723,27489349664
106.51,9.38883,13.728,100,50,69,2270,1124,4.87896,244,3.77831,0,0.0518723,27589449549
107.739,9.2817,9.81367,100,50,70,2260,1124,4.87896,244,3.77659,0,0.0518723,27689532924
107.28,9.32143,9.81367,100,50,70,2260,1124,4.87896,244,3.77659,0,0.0518723,27789610869
105.717,9.4592,9.81367,100,50,70,2260,1124,4.87896,244,3.77659,0,0.0518723,27889688714
105.679,9.46259,9.81367,100,50,70,2260,1124,4.87896,244,3.77659,0,0.0518723,27989763759
105.278,9.49863,9.81367,100,50,70,2260,1124,4.87896,244,3.77659,0,0.0518723,28089841554
108.088,9.25171,9.43627,100,49,70,2266,1124,4.87896,245,3.78032,0,0.0518723,28189922399
105.753,9.45595,9.43627,100,49,70,2266,1124,4.87896,245,3.78032,0,0.0518723,28289999243
107.646,9.28971,9.43627,100,49,70,2266,1124,4.87896,245,3.78032,0,0.0518723,28390082538
105.694,9.46128,9.43627,100,49,70,2266,1124,4.87896,245,3.78032,0,0.0518723,28490159123
108.303,9.23337,9.43627,100,49,70,2266,1124,4.87896,245,3.78032,0,0.0518723,28590237718
105.396,9.48802,8.19876,100,49,70,2237,1124,4.87896,242,3.78312,0,0.0518723,28690315933
105.768,9.45463,8.19876,100,49,70,2237,1124,4.87896,242,3.78312,0,0.0518723,28790390458
106.433,9.39559,8.19876,100,49,70,2237,1124,4.87896,242,3.78312,0,0.0518723,28890467253
108.014,9.25803,8.19876,100,49,70,2237,1124,4.87896,242,3.78312,0,0.0518723,28990546398
107.577,9.2957,8.19876,100,49,70,2237,1124,4.87896,242,3.78312,0,0.0518723,29090628362
108.29,9.23442,8.57143,100,49,70,2235,1124,4.87896,243,3.77947,0,0.0518723,29190710347
107.516,9.30098,8.57143,100,49,70,2235,1124,4.87896,243,3.77947,0,0.0518723,29290793722
107.964,9.26237,8.57143,100,49,70,2235,1124,4.87896,243,3.77947,0,0.0518723,29390870037
107.229,9.32582,8.57143,100,49,70,2235,1124,4.87896,243,3.77947,0,0.0518723,29490948542
107.814,9.27528,8.57143,100,49,70,2235,1124,4.87896,243,3.77947,0,0.0518723,29591043737
106.038,9.4306,8.92193,100,49,70,2241,1124,4.87896,242,3.77983,0,0.0518723,29691123592
105.452,9.48298,8.92193,100,49,70,2241,1124,4.87896,242,3.77983,0,0.0518723,29791203717
108.13,9.24813,8.92193,100,49,70,2241,1124,4.87896,242,3.77983,0,0.0518723,29891282992
108.375,9.22721,8.92193,100,49,70,2241,1124,4.87896,242,3.77983,0,0.0518723,29991361056
109.1,9.16593,8.92193,100,49,70,2241,1124,4.87896,242,3.77983,0,0.0518723,30091440471
107.314,9.31845,8.66337,100,49,69,2274,1124,4.87896,243,3.77972,0,0.0518723,30191518336
106.907,9.35393,8.66337,100,49,69,2274,1124,4.87896,243,3.77972,0,0.0518723,30291596221
109.328,9.14676,8.66337,100,49,69,2274,1124,4.87896,243,3.77972,0,0.0518723,30391677816
108.972,9.17669,8.66337,100,49,69,2274,1124,4.87896,243,3.77972,0,0.0518723,30491764731
107.573,9.29601,8.66337,100,49,69,2274,1124,4.87896,243,3.77972,0,0.0518723,30591848136
107.642,9.29008,8.43829,100,49,70,2263,1124,4.87896,243,3.77325,0,0.0518723,30691931121
110.569,9.0441,8.43829,100,49,70,2263,1124,4.87896,243,3.77325,0,0.0518723,30792009225
112.104,8.92027,8.43829,100,49,70,2263,1124,4.87896,243,3.77325,0,0.0518723,30892089120
100.513,9.94899,8.43829,100,49,70,2263,1124,4.87896,243,3.77325,0,0.0518723,30992167735
100.913,9.90956,8.43829,100,49,70,2263,1124,4.87896,243,3.77325,0,0.0518723,31092243120
100.269,9.97321,8.43672,100,49,70,2269,1124,4.87896,243,3.78145,0,0.0518723,31192320785
100.797,9.92089,8.43672,100,49,70,2269,1124,4.87896,243,3.78145,0,0.0518723,31292397560
99.5623,10.044,8.43672,100,49,70,2269,1124,4.87896,243,3.78145,0,0.0518723,31392476775
100.081,9.99187,8.43672,100,49,70,2269,1124,4.87896,243,3.78145,0,0.0518723,31492557050
100.001,9.99993,8.43672,100,49,70,2269,1124,4.87896,243,3.78145,0,0.0518723,31592634434
100.638,9.93656,6.8836,100,49,70,2283,1124,4.87896,244,3.77904,0,0.0518723,31692708929
97.929,10.2115,6.8836,100,49,70,2283,1124,4.87896,244,3.77904,0,0.0518723,31792793734
98.6614,10.1357,6.8836,100,49,70,2283,1124,4.87896,244,3.77904,0,0.0518723,31892873169
100.273,9.97277,6.8836,100,49,70,2283,1124,4.87896,244,3.77904,0,0.0518723,31992954294
98.891,10.1121,6.8836,100,49,70,2283,1124,4.87896,244,3.77904,0,0.0518723,32093032869
99.0296,10.098,12.8499,100,50,70,2239,1124,4.87896,242,3.77488,0,0.0518723,32193111844
101.01,9.89999,12.8499,100,50,70,2239,1124,4.87896,242,3.77488,0,0.0518723,32293187079
100.946,9.90633,12.8499,100,50,70,2239,1124,4.87896,242,3.77488,0,0.0518723,32393265134
101.476,9.8546,12.8499,100,50,70,2239,1124,4.87896,242,3.77488,0,0.0518723,32493346498
100.271,9.97294,12.8499,100,50,70,2239,1124,4.87896,242,3.77488,0,0.0518723,32593425303
99.7564,10.0244,6.54088,100,50,70,2258,1124,4.87896,243,3.77915,0,0.0518723,32693504138
99.3045,10.07,6.54088,100,50,70,2258,1124,4.87896,243,3.77915,0,0.0518723,32793584583
99.8217,10.0179,6.54088,100,50,70,2258,1124,4.87896,243,3.77915,0,0.0518723,32893664228
100.154,9.98458,6.54088,100,50,70,2258,1124,4.87896,243,3.77915,0,0.0518723,32993745993
98.9816,10.1029,6.54088,100,50,70,2258,1124,4.87896,243,3.77915,0,0.0518723,33093829868
100.006,9.99939,7.34177,100,49,70,2239,1124,4.87896,241,3.78185,0,0.0518723,33193910743
100.953,9.90564,7.34177,100,49,70,2239,1124,4.87896,241,3.78185,0,0.0518723,33293986707
98.6602,10.1358,7.34177,100,49,70,2239,1124,4.87896,241,3.78185,0,0.0518723,33394063152
100.133,9.98674,7.34177,100,49,70,2239,1124,4.87896,241,3.78185,0,0.0518723,33494140447
99.6986,10.0302,7.34177,100,49,70,2239,1124,4.87896,241,3.78185,0,0.0518723,33594216122
99.1205,10.0887,7.34177,100,49,70,2239,1124,4.87896,241,3.78185,0,0.0518723,33694296357
100.265,9.97357,8.03011,100,49,70,2266,1124,4.87896,244,3.78466,0,0.0518723,33794380182
101.342,9.8676,8.03011,100,49,70,2266,1124,4.87896,244,3.78466,0,0.0518723,33894458697
99.5434,10.0459,8.03011,100,49,70,2266,1124,4.87896,244,3.78466,0,0.0518723,33994537372
101.507,9.85155,8.03011,100,49,70,2266,1124,4.87896,244,3.78466,0,0.0518723,34094615286
102.616,9.74512,8.03011,100,49,70,2266,1124,4.87896,244,3.78466,0,0.0518723,34194692901
102.468,9.75916,8.55019,100,49,70,2259,1124,4.87896,243,3.78872,0,0.0518723,34294770456
102.972,9.71137,8.55019,100,49,70,2259,1124,4.87896,243,3.78872,0,0.0518723,34394847611
101.772,9.82588,8.55019,100,49,70,2259,1124,4.87896,243,3.78872,0,0.0518723,34494924066
101.51,9.85122,8.55019,100,49,70,2259,1124,4.87896,243,3.78872,0,0.0518723,34595004701
101.145,9.88683,8.55019,100,49,70,2259,1124,4.87896,243,3.78872,0,0.0518723,34695080546
101.057,9.8954,7.68262,100,49,69,2274,1124,4.87896,242,3.78925,0,0.0518723,34795158021
100.56,9.94435,7.68262,100,49,69,2274,1124,4.87896,242,3.78925,0,0.0518723,34895235265
101.539,9.84846,7.68262,100,49,69,2274,1124,4.87896,242,3.78925,0,0.0518723,34995313120
101.512,9.8511,7.68262,100,49,69,2274,1124,4.87896,242,3.78925,0,0.0518723,35095401395
101.526,9.84966,7.68262,100,49,69,2274,1124,4.87896,242,3.78925,0,0.0518723,35195479370
101.023,9.89872,8.22943,100,49,70,2248,1124,4.87896,243,3.78454,0,0.0518723,35295558155
103.029,9.70599,8.22943,100,49,70,2248,1124,4.87896,243,3.78454,0,0.0518723,35395640020
101.339,9.86787,8.22943,100,49,70,2248,1124,4.87896,243,3.78454,0,0.0518723,35495719975
101.635,9.83918,8.22943,100,49,70,2248,1124,4.87896,243,3.78454,0,0.0518723,35595805540
101.372,9.86469,8.22943,100,49,70,2248,1124,4.87896,243,3.78454,0,0.0518723,35695887185
100.468,9.95341,8.625,100,49,70,2255,1124,4.87896,243,3.78436,0,0.0518723,35795964529
102.697,9.73738,8.625,100,49,70,2255,1124,4.87896,243,3.78436,0,0.0518723,35896041344
101.538,9.84851,8.625,100,49,70,2255,1124,4.87896,243,3.78436,0,0.0518723,35996133239
102.508,9.75535,8.625,100,49,70,2255,1124,4.87896,243,3.78436,0,0.0518723,36096211594
101.469,9.85523,8.625,100,49,70,2255,1124,4.87896,243,3.78436,0,0.0518723,36196288119
101.257,9.87582,7.40276,100,49,70,2266,1124,4.87896,242,3.78592,0,0.0518723,36296366664
102.439,9.76192,7.40276,100,49,70,2266,1124,4.87896,242,3.78592,0,0.0518723,36396444889
100.687,9.93176,7.40276,100,49,70,2266,1124,4.87896,242,3.78592,0,0.0518723,36496525104
102.576,9.74885,7.40276,100,49,70,2266,1124,4.87896,242,3.78592,0,0.0518723,36596602948
101.751,9.82795,7.40276,100,49,70,2266,1124,4.87896,242,3.78592,0,0.0518723,36696682353
102.588,9.74773,8.21918,100,49,70,2245,1124,4.87896,244,3.78676,0,0.0518723,36796761918
100.695,9.93097,8.21918,100,49,70,2245,1124,4.87896,244,3.78676,0,0.0518723,36896842413
100.642,9.93623,8.21918,100,49,70,2245,1124,4.87896,244,3.78676,0,0.0518723,36996923268
102.38,9.7675,8.21918,100,49,70,2245,1124,4.87896,244,3.78676,0,0.0518723,37097003073
100.011,9.99893,8.21918,100,49,70,2245,1124,4.87896,244,3.78676,0,0.0518723,37197086148
100.882,9.91255,11.352,100,50,70,2271,1124,4.87896,243,3.77569,0,0.0518723,37297163853
100.886,9.91222,11.352,100,50,70,2271,1124,4.87896,243,3.77569,0,0.0518723,37397240407
102.111,9.79331,11.352,100,50,70,2271,1124,4.87896,243,3.77569,0,0.0518723,37497316532
100.314,9.96869,11.352,100,50,70,2271,1124,4.87896,243,3.77569,0,0.0518723,37597393657
100.207,9.97936,11.352,100,50,70,2271,1124,4.87896,243,3.77569,0,0.0518723,37697469392
100.248,9.97523,7.69231,100,49,70,2277,1124,4.87896,242,3.77882,0,0.0518723,37797554317
99.7971,10.0203,7.69231,100,49,70,2277,1124,4.87896,242,3.77882,0,0.0518723,37897634012
100.903,9.91049,7.69231,100,49,70,2277,1124,4.87896,242,3.77882,0,0.0518723,37997715447
101.57,9.84542,7.69231,100,49,70,2277,1124,4.87896,242,3.77882,0,0.0518723,38097792852
99.8486,10.0152,7.69231,100,49,70,2277,1124,4.87896,242,3.77882,0,0.0518723,38197871747
100.719,9.92865,8.33333,100,49,70,2274,1124,4.87896,243,3.77814,0,0.0518723,38297950151
101.28,9.87367,8.33333,100,49,70,2274,1124,4.87896,243,3.77814,0,0.0518723,38398026606
101.891,9.81439,8.33333,100,49,70,2274,1124,4.87896,243,3.77814,0,0.0518723,38498104411
101.589,9.84363,8.33333,100,49,70,2274,1124,4.87896,243,3.77814,0,0.0518723,38598182366
101.485,9.85371,8.33333,100,49,70,2274,1124,4.87896,243,3.77814,0,0.0518723,38698258661
101.478,9.85436,6.14597,100,49,70,2274,1124,4.87896,243,3.78079,0,0.0518723,38798337976
101.662,9.83653,6.14597,100,49,70,2274,1124,4.87896,243,3.78079,0,0.0518723,38898415051
101.663,9.83638,6.14597,100,49,70,2274,1124,4.87896,243,3.78079,0,0.0518723,38998491926
100.426,9.95757,6.14597,100,49,70,2274,1124,4.87896,243,3.78079,0,0.0518723,39098571350
99.6276,10.0374,6.14597,100,49,70,2274,1124,4.87896,243,3.78079,0,0.0518723,39198649615
101.067,9.89441,6.63329,100,49,70,2282,1124,4.87896,244,3.77885,0,0.0518723,39298731540
102.421,9.76361,6.63329,100,49,70,2282,1124,4.87896,244,3.77885,0,0.0518723,39398819465
104.671,9.55371,6.63329,100,49,70,2282,1124,4.87896,244,3.77885,0,0.0518723,39498897480
103.546,9.65751,6.63329,100,49,70,2282,1124,4.87896,244,3.77885,0,0.0518723,39598975575
103.956,9.61948,6.63329,100,49,70,2282,1124,4.87896,244,3.77885,0,0.0518723,39699054860
103.121,9.69732,9.66952,100,49,70,2254,1124,4.87896,243,3.78002,0,0.0518723,39799133195
101.528,9.84949,9.66952,100,49,70,2254,1124,4.87896,243,3.78002,0,0.0518723,39899210099
100.997,9.90131,9.66952,100,49,70,2254,1124,4.87896,243,3.78002,0,0.0518723,39999288444
100.473,9.9529,9.66952,100,49,70,2254,1124,4.87896,243,3.78002,0,0.0518723,40099370959
100.175,9.98258,9.66952,100,49,70,2254,1124,4.87896,243,3.78002,0,0.0518723,40199452714
100.606,9.93976,7.09759,100,49,70,2269,1124,4.87896,242,3.78305,0,0.0518723,40299531439
99.9618,10.0038,7.09759,100,49,70,2269,1124,4.87896,242,3.78305,0,0.0518723,40399607524
100.169,9.98312,7.09759,100,49,70,2269,1124,4.87896,242,3.78305,0,0.0518723,40499684819
99.7788,10.0222,7.09759,100,49,70,2269,1124,4.87896,242,3.78305,0,0.0518723,40599762174
99.4996,10.0503,7.09759,100,49,70,2269,1124,4.87896,242,3.78305,0,0.0518723,40699802719
100.617,9.93869,8.08458,100,49,70,2272,1124,4.88091,243,3.78249,0,0.0518723,40799883173
101.233,9.87823,8.08458,100,49,70,2272,1124,4.88091,243,3.78249,0,0.0518723,40899960368
101.247,9.87684,8.08458,100,49,70,2272,1124,4.88091,243,3.78249,0,0.0518723,41000040043
100.829,9.91778,8.08458,100,49,70,2272,1124,4.88091,243,3.78249,0,0.0518723,41100120228
100.693,9.93117,8.08458,100,49,70,2272,1124,4.88091,243,3.78249,0,0.0518723,41200200013
101.336,9.8682,7.50939,100,49,70,2277,1124,4.88091,242,3.78456,0,0.0518723,41300278908
100.632,9.93721,7.50939,100,49,70,2277,1124,4.88091,242,3.78456,0,0.0518723,41400356093
101.645,9.83815,7.50939,100,49,70,2277,1124,4.88091,242,3.78456,0,0.0518723,41500438738
101.405,9.86147,7.50939,100,49,70,2277,1124,4.88091,242,3.78456,0,0.0518723,41600516792
99.476,10.0527,7.50939,100,49,70,2277,1124,4.88091,242,3.78456,0,0.0518723,41700593957
100.311,9.969,8.02005,100,49,70,2240,1124,4.88091,243,3.78022,0,0.0518723,41800673542
100.555,9.9448,8.02005,100,49,70,2240,1124,4.88091,243,3.78022,0,0.0518723,41900756197
101.188,9.88262,8.02005,100,49,70,2240,1124,4.88091,243,3.78022,0,0.0518723,42000838612
101.796,9.82355,8.02005,100,49,70,2240,1124,4.88091,243,3.78022,0,0.0518723,42100918967
101.992,9.80472,8.02005,100,49,70,2240,1124,4.88091,243,3.78022,0,0.0518723,42200997692
101.377,9.86413,14.8699,100,50,70,2266,1124,4.88091,243,3.76851,0,0.0518723,42301077077
100.044,9.99559,14.8699,100,50,70,2266,1124,4.88091,243,3.76851,0,0.0518723,42401153211
101.447,9.85741,14.8699,100,50,70,2266,1124,4.88091,243,3.76851,0,0.0518723,42501245106
101.001,9.90088,14.8699,100,50,70,2266,1124,4.88091,243,3.76851,0,0.0518723,42601322091
100.217,9.97834,14.8699,100,50,70,2266,1124,4.88091,243,3.76851,0,0.0518723,42701397776
100.995,9.90149,7.75,100,50,70,2262,1124,4.88091,244,3.77024,0,0.0518723,42801473851
100.802,9.92047,7.75,100,50,70,2262,1124,4.88091,244,3.77024,0,0.0518723,42901549136
100.832,9.91749,7.75,100,50,70,2262,1124,4.88091,244,3.77024,0,0.0518723,43001624311
100.009,9.99911,7.75,100,50,70,2262,1124,4.88091,244,3.77024,0,0.0518723,43101699786
100.412,9.95893,7.75,100,50,70,2262,1124,4.88091,244,3.77024,0,0.0518723,43201775670
99.8368,10.0163,8.51852,100,49,70,2265,1124,4.88091,245,3.77189,0,0.0518723,43301847745
102.268,9.77826,8.51852,100,49,70,2265,1124,4.88091,245,3.77189,0,0.0518723,43401923000
101.312,9.87051,8.51852,100,49,70,2265,1124,4.88091,245,3.77189,0,0.0518723,43502002915
101.748,9.82825,8.51852,100,49,70,2265,1124,4.88091,245,3.77189,0,0.0518723,43602080100
101.22,9.87951,8.51852,100,49,70,2265,1124,4.88091,245,3.77189,0,0.0518723,43702159245
103.206,9.68931,7.86802,100,49,70,2236,1124,4.88091,242,3.77349,0,0.0518723,43802236950
103.469,9.66471,7.86802,100,49,70,2236,1124,4.88091,242,3.77349,0,0.0518723,43902312315
103.606,9.65197,7.86802,100,49,70,2236,1124,4.88091,242,3.77349,0,0.0518723,44002390750
103.414,9.6699,7.86802,100,49,70,2236,1124,4.88091,242,3.77349,0,0.0518723,44102469614
104.21,9.59604,7.86802,100,49,70,2236,1124,4.88091,242,3.77349,0,0.0518723,44202557129
103.494,9.66238,8.36454,100,49,70,2243,1124,4.87896,243,3.77416,0,0.0518723,44302638244
101.846,9.81872,8.36454,100,49,70,2243,1124,4.87896,243,3.77416,0,0.0518723,44402718089
101.767,9.82639,8.36454,100,49,70,2243,1124,4.87896,243,3.77416,0,0.0518723,44502797494
102.609,9.7457,8.36454,100,49,70,2243,1124,4.87896,243,3.77416,0,0.0518723,44602873999
102.963,9.71218,8.36454,100,49,70,2243,1124,4.87896,243,3.77416,0,0.0518723,44702959754
104.783,9.54354,9.06832,100,49,70,2242,1124,4.88091,242,3.77368,0,0.0518723,44803051239
105.861,9.44634,9.06832,100,49,70,2242,1124,4.88091,242,3.77368,0,0.0518723,44903127523
104.71,9.55023,9.06832,100,49,70,2242,1124,4.88091,242,3.77368,0,0.0518723,45003203868
105.703,9.4605,9.06832,100,49,70,2242,1124,4.88091,242,3.77368,0,0.0518723,45103280503
104.051,9.61071,9.06832,100,49,70,2242,1124,4.88091,242,3.77368,0,0.0518723,45203360058
105.396,9.48798,9.06832,100,49,70,2242,1124,4.88091,242,3.77368,0,0.0518723,45303438573
105.39,9.48853,7.21519,100,49,70,2245,1124,4.88091,244,3.77662,0,0.0518723,45403516158
106.412,9.39744,7.21519,100,49,70,2245,1124,4.88091,244,3.77662,0,0.0518723,45503593463
106.284,9.40878,7.21519,100,49,70,2245,1124,4.88091,244,3.77662,0,0.0518723,45603669788
106.823,9.36131,7.21519,100,49,70,2245,1124,4.88091,244,3.77662,0,0.0518723,45703748482
108.737,9.19648,7.21519,100,49,70,2245,1124,4.88091,244,3.77662,0,0.0518723,45803825197
108.015,9.25795,9.75309,100,49,70,2245,1124,4.88091,241,3.77753,0,0.0518723,45903902852
107.425,9.30882,9.75309,100,49,70,2245,1124,4.88091,241,3.77753,0,0.0518723,46003986487
108.386,9.22628,9.75309,100,49,70,2245,1124,4.88091,241,3.77753,0,0.0518723,46104076512
106.798,9.36344,9.75309,100,49,70,2245,1124,4.88091,241,3.77753,0,0.0518723,46204153477
108.688,9.20063,9.75309,100,49,70,2245,1124,4.88091,241,3.77753,0,0.0518723,46304232042
106.353,9.40265,8.57503,100,49,70,2247,1124,4.88091,241,3.77732,0,0.0518723,46404308767
107.097,9.33731,8.57503,100,49,70,2247,1124,4.88091,241,3.77732,0,0.0518723,46504386932
106.435,9.39538,8.57503,100,49,70,2247,1124,4.88091,241,3.77732,0,0.0518723,46604464756
108.841,9.18773,8.57503,100,49,70,2247,1124,4.88091,241,3.77732,0,0.0518723,46704542401
107.846,9.27246,8.57503,100,49,70,2247,1124,4.88091,241,3.77732,0,0.0518723,46804617626
107.651,9.28928,10.6117,100,49,70,2249,1124,4.88091,240,3.775,0,0.0518723,46904700491
108.881,9.18431,10.6117,100,49,70,2249,1124,4.88091,240,3.775,0,0.0518723,47004790066
108.832,9.18851,10.6117,100,49,70,2249,1124,4.88091,240,3.775,0,0.0518723,47104876311
108.127,9.24841,10.6117,100,49,70,2249,1124,4.88091,240,3.775,0,0.0518723,47204953636
109.989,9.09179,10.6117,100,49,70,2249,1124,4.88091,240,3.775,0,0.0518723,47305032791
109.938,9.09606,13.913,100,50,70,2260,1124,4.88091,243,3.77048,0,0.0518723,47405109625
127.856,7.82127,13.913,100,50,70,2260,1124,4.88091,243,3.77048,0,0.0518723,47505187120
116.702,8.56886,13.913,100,50,70,2260,1124,4.88091,243,3.77048,0,0.0518723,47605262105
118.527,8.43688,13.913,100,50,70,2260,1124,4.88091,243,3.77048,0,0.0518723,47705340090
116.759,8.56462,13.913,100,50,70,2260,1124,4.88091,243,3.77048,0,0.0518723,47805421455
118.49,8.43956,9.90099,100,50,70,2279,1124,4.88299,243,3.77125,0,0.0518723,47905500680
119.412,8.37436,9.90099,100,50,70,2279,1124,4.88299,243,3.77125,0,0.0518723,48005578485
119.945,8.33716,9.90099,100,50,70,2279,1124,4.88299,243,3.77125,0,0.0518723,48105657810
120.326,8.31075,9.90099,100,50,70,2279,1124,4.88299,243,3.77125,0,0.0518723,48205734454
119.798,8.34737,9.90099,100,50,70,2279,1124,4.88299,243,3.77125,0,0.0518723,48305814619
120.159,8.32228,9.5297,100,50,70,2244,1124,4.88091,245,3.77875,0,0.0518723,48405898054
119.673,8.35613,9.5297,100,50,70,2244,1124,4.88091,245,3.77875,0,0.0518723,48505979809
119.635,8.35874,9.5297,100,50,70,2244,1124,4.88091,245,3.77875,0,0.0518723,48606040364
119.885,8.34132,9.5297,100,50,70,2244,1124,4.88091,245,3.77875,0,0.0518723,48706118729
120.533,8.29646,9.5297,100,50,70,2244,1124,4.88091,245,3.77875,0,0.0518723,48806196824
121.725,8.21523,8.75462,100,50,70,2289,1124,4.88091,244,3.77914,0,0.0518723,48906274389
120.705,8.28469,8.75462,100,50,70,2289,1124,4.88091,244,3.77914,0,0.0518723,49006355374
122.12,8.18865,8.75462,100,50,70,2289,1124,4.88091,244,3.77914,0,0.0518723,49106433168
120.766,8.28045,8.75462,100,50,70,2289,1124,4.88091,244,3.77914,0,0.0518723,49206509163
121.848,8.20693,8.75462,100,50,70,2289,1124,4.88091,244,3.77914,0,0.0518723,49306588008
124.579,8.02703,9.53545,100,50,70,2283,1124,4.88091,243,3.78233,0,0.0518723,49406668723
122.219,8.182,9.53545,100,50,70,2283,1124,4.88091,243,3.78233,0,0.0518723,49506750818
122.59,8.15728,9.53545,100,50,70,2283,1124,4.88091,243,3.78233,0,0.0518723,49606829193
122.024,8.19511,9.53545,100,50,70,2283,1124,4.88091,243,3.78233,0,0.0518723,49706907788
124.112,8.05725,9.53545,100,50,70,2283,1124,4.88091,243,3.78233,0,0.0518723,49806985553
124.635,8.02342,8.07062,100,50,70,2246,1124,4.87896,243,3.78338,0,0.0518723,49907063667
126.435,7.90918,8.07062,100,50,70,2246,1124,4.87896,243,3.78338,0,0.0518723,50007141862
123.106,8.12306,8.07062,100,50,70,2246,1124,4.87896,243,3.78338,0,0.0518723,50107220357
125.921,7.94151,8.07062,100,50,70,2246,1124,4.87896,243,3.78338,0,0.0518723,50207300442
125.013,7.99919,8.07062,100,50,70,2246,1124,4.87896,243,3.78338,0,0.0518723,50307380897
126.33,7.9158,7.88486,100,50,70,2260,1124,4.87701,244,3.78251,0,0.0518723,50407460332
126.471,7.90693,7.88486,100,50,70,2260,1124,4.87701,244,3.78251,0,0.0518723,50507539237
125.449,7.97139,7.88486,100,50,70,2260,1124,4.87701,244,3.78251,0,0.0518723,50607620382
125.828,7.94738,7.88486,100,50,70,2260,1124,4.87701,244,3.78251,0,0.0518723,50707701266
124.891,8.00699,7.88486,100,50,70,2260,1124,4.87701,244,3.78251,0,0.0518723,50807780241
124.588,8.02647,8.18859,100,50,70,2251,1124,4.87701,243,3.78292,0,0.0518723,50907860756
126.176,7.92543,8.18859,100,50,70,2251,1124,4.87701,243,3.78292,0,0.0518723,51007938851
126.746,7.88979,8.18859,100,50,70,2251,1124,4.87701,243,3.78292,0,0.0518723,51108017346
126.743,7.88995,8.18859,100,50,70,2251,1124,4.87701,243,3.78292,0,0.0518723,51208096831
128.266,7.79628,8.18859,100,50,70,2251,1124,4.87701,243,3.78292,0,0.0518723,51308180606
126.307,7.91722,7.5188,100,50,70,2251,1124,4.87701,243,3.78021,0,0.0518723,51408261431
127.391,7.84986,7.5188,100,50,70,2251,1124,4.87701,243,3.78021,0,0.0518723,51508342065
128.108,7.80591,7.5188,100,50,70,2251,1124,4.87701,243,3.78021,0,0.0518723,51608420930
127.336,7.85325,7.5188,100,50,70,2251,1124,4.87701,243,3.78021,0,0.0518723,51708496805
125.99,7.93713,7.5188,100,50,70,2251,1124,4.87701,243,3.78021,0,0.0518723,51808580010
126.581,7.9001,10.6383,100,50,70,2244,1124,4.87701,244,3.7796,0,0.0518723,51908658645
127.853,7.8215,10.6383,100,50,70,2244,1124,4.87701,244,3.7796,0,0.0518723,52008739460
127.451,7.84613,10.6383,100,50,70,2244,1124,4.87701,244,3.7796,0,0.0518723,52108820775
127.319,7.85426,10.6383,100,50,70,2244,1124,4.87701,244,3.7796,0,0.0518723,52208907540
126.298,7.91775,10.6383,100,50,70,2244,1124,4.87701,244,3.7796,0,0.0518723,52308986195
125.933,7.94075,12.4372,100,50,70,2240,1124,4.87701,243,3.77635,0,0.0518723,52409065319
124.55,8.02889,12.4372,100,50,70,2240,1124,4.87701,243,3.77635,0,0.0518723,52509143124
125.684,7.95646,12.4372,100,50,70,2240,1124,4.87701,243,3.77635,0,0.0518723,52609221369
125.347,7.97784,12.4372,100,50,70,2240,1124,4.87701,243,3.77635,0,0.0518723,52709299494
124.504,8.03189,12.4372,100,50,70,2240,1124,4.87701,243,3.77635,0,0.0518723,52809369529
124.987,8.00081,8.57143,100,50,70,2250,1124,4.87701,243,3.77707,0,0.0518723,52909448174
122.925,8.13505,8.57143,100,50,70,2250,1124,4.87701,243,3.77707,0,0.0518723,53009525459
125.263,7.98318,8.57143,100,50,70,2250,1124,4.87701,243,3.77707,0,0.0518723,53109603974
125.932,7.94079,8.57143,100,50,70,2250,1124,4.87701,243,3.77707,0,0.0518723,53209683048
122.277,8.17814,8.57143,100,50,70,2250,1124,4.87701,243,3.77707,0,0.0518723,53309764573
124.846,8.00987,8.97909,100,50,70,2255,1124,4.87701,244,3.77853,0,0.0518723,53409855658
124.351,8.04173,8.97909,100,50,70,2255,1124,4.87701,244,3.77853,0,0.0518723,53509932933
123.143,8.12066,8.97909,100,50,70,2255,1124,4.87701,244,3.77853,0,0.0518723,53610013558
124.852,8.00951,8.97909,100,50,70,2255,1124,4.87701,244,3.77853,0,0.0518723,53710091083
122.703,8.14977,8.97909,100,50,70,2255,1124,4.87701,244,3.77853,0,0.0518723,53810170418
123.272,8.11212,8.96806,100,50,70,2243,1124,4.87701,242,3.77779,0,0.0518723,53910246753
122.536,8.16088,8.96806,100,50,70,2243,1124,4.87701,242,3.77779,0,0.0518723,54010322197
121.246,8.24767,8.96806,100,50,70,2243,1124,4.87701,242,3.77779,0,0.0518723,54110401942
121.908,8.20291,8.96806,100,50,70,2243,1124,4.87701,242,3.77779,0,0.0518723,54210480227
120.113,8.32551,8.96806,100,50,70,2243,1124,4.87701,242,3.77779,0,0.0518723,54310559172
122.854,8.13976,8.19876,100,50,70,2259,1124,4.87701,243,3.77901,0,0.0518723,54410636727
121.395,8.23757,8.19876,100,50,70,2259,1124,4.87701,243,3.77901,0,0.0518723,54510713012
122.375,8.17161,8.19876,100,50,70,2259,1124,4.87701,243,3.77901,0,0.0518723,54610790697
124.751,8.01597,8.19876,100,50,70,2259,1124,4.87701,243,3.77901,0,0.0518723,54710871532
120.898,8.27142,8.19876,100,50,70,2259,1124,4.87701,243,3.77901,0,0.0518723,54810947087
121.068,8.25979,7.57576,100,50,70,2258,1124,4.87701,244,3.78012,0,0.0518723,54911024051
122.383,8.17109,7.57576,100,50,70,2258,1124,4.87701,244,3.78012,0,0.0518723,55011099376
121.193,8.25132,7.57576,100,50,70,2258,1124,4.87701,244,3.78012,0,0.0518723,55111177161
123.536,8.09484,7.57576,100,50,70,2258,1124,4.87701,244,3.78012,0,0.0518723,55211255496
122.582,8.1578,7.57576,100,50,70,2258,1124,4.87701,244,3.78012,0,0.0518723,55311334061
122.877,8.13819,8.29208,100,50,70,2253,1124,4.87701,243,3.77962,0,0.0518723,55411413066
113.481,8.81203,8.29208,100,50,70,2253,1124,4.87701,243,3.77962,0,0.0518723,55511488211
132.141,7.56767,8.29208,100,50,70,2253,1124,4.87701,243,3.77962,0,0.0518723,55611565466
122.516,8.16218,8.29208,100,50,70,2253,1124,4.87701,243,3.77962,0,0.0518723,55711641340
124.449,8.03544,8.29208,100,50,70,2253,1124,4.87701,243,3.77962,0,0.0518723,55811718275
123.601,8.09058,7.8481,100,50,70,2242,1124,4.87896,243,3.77955,0,0.0518723,55911801730
125.554,7.96468,7.8481,100,50,70,2242,1124,4.87896,243,3.77955,0,0.0518723,56011876395
128.11,7.80578,7.8481,100,50,70,2242,1124,4.87896,243,3.77955,0,0.0518723,56111954500
125.882,7.94396,7.8481,100,50,70,2242,1124,4.87896,243,3.77955,0,0.0518723,56212035325
125.991,7.9371,7.8481,100,50,70,2242,1124,4.87896,243,3.77955,0,0.0518723,56312111470
125.447,7.9715,7.8481,100,50,70,2242,1124,4.87896,243,3.77955,0,0.0518723,56412190505
128.774,7.76554,9.10209,100,50,70,2227,1124,4.87896,242,3.78129,0,0.0518723,56512276629
127.417,7.84827,9.10209,100,50,70,2227,1124,4.87896,242,3.78129,0,0.0518723,56612350754
127.408,7.84877,9.10209,100,50,70,2227,1124,4.87896,242,3.78129,0,0.0518723,56712426479
127.047,7.87107,9.10209,100,50,70,2227,1124,4.87896,242,3.78129,0,0.0518723,56812506614
129.199,7.73997,9.10209,100,50,70,2227,1124,4.87896,242,3.78129,0,0.0518723,56912589859
132.962,7.52097,11.75,100,50,70,2249,1124,4.87896,244,3.77922,0,0.0518723,57012672104
129.98,7.69349,11.75,100,50,70,2249,1124,4.87896,244,3.77922,0,0.0518723,57112757989
130.94,7.63709,11.75,100,50,70,2249,1124,4.87896,244,3.77922,0,0.0518723,57212833424
128.374,7.78974,11.75,100,50,70,2249,1124,4.87896,244,3.77922,0,0.0518723,57312916439
127.725,7.8293,11.75,100,50,70,2249,1124,4.87896,244,3.77922,0,0.0518723,57413005183
131.779,7.58847,13.1514,100,51,70,2243,1124,4.87896,242,3.77741,0,0.0518723,57513084468
133.034,7.51686,13.1514,100,51,70,2243,1124,4.87896,242,3.77741,0,0.0518723,57613162973
132.585,7.54234,13.1514,100,51,70,2243,1124,4.87896,242,3.77741,0,0.0518723,57713239118
132.821,7.52895,13.1514,100,51,70,2243,1124,4.87896,242,3.77741,0,0.0518723,57813313863
129.18,7.74113,13.1514,100,51,70,2243,1124,4.87896,242,3.77741,0,0.0518723,57913388958
128.888,7.75869,8.45771,100,51,71,2238,1124,4.87896,243,3.77668,0,0.0518723,58013465713
129.069,7.74776,8.45771,100,51,71,2238,1124,4.87896,243,3.77668,0,0.0518723,58113539908
129.053,7.74873,8.45771,100,51,71,2238,1124,4.87896,243,3.77668,0,0.0518723,58213614212
131.115,7.62687,8.45771,100,51,71,2238,1124,4.87896,243,3.77668,0,0.0518723,58313688377
127.633,7.83498,8.45771,100,51,71,2238,1124,4.87896,243,3.77668,0,0.0518723,58413762532
129.297,7.7341,9.10224,100,51,70,2229,1124,4.87896,243,3.78373,0,0.0518723,58513840377
129.232,7.73801,9.10224,100,51,70,2229,1124,4.87896,243,3.78373,0,0.0518723,58613933942
127.153,7.86455,9.10224,100,51,70,2229,1124,4.87896,243,3.78373,0,0.0518723,58714013267
128.529,7.78034,9.10224,100,51,70,2229,1124,4.87896,243,3.78373,0,0.0518723,58814092632
128.41,7.78755,9.10224,100,51,70,2229,1124,4.87896,243,3.78373,0,0.0518723,58914169677
127.506,7.84278,9.9631,100,51,70,2250,1124,4.87896,242,3.78571,0,0.0518723,59014248221
128.471,7.78384,9.9631,100,51,70,2250,1124,4.87896,242,3.78571,0,0.0518723,59114323976
128.299,7.7943,9.9631,100,51,70,2250,1124,4.87896,242,3.78571,0,0.0518723,59214403381
126.577,7.90033,9.9631,100,51,70,2250,1124,4.87896,242,3.78571,0,0.0518723,59314484596
127.574,7.83858,9.9631,100,51,70,2250,1124,4.87896,242,3.78571,0,0.0518723,59414568871
127.453,7.84602,7.314,100,51,70,2244,1124,4.87896,243,3.78517,0,0.0518723,59514656276
126.107,7.92975,7.314,100,51,70,2244,1124,4.87896,243,3.78517,0,0.0518723,59614733431
127.193,7.86207,7.314,100,51,70,2244,1124,4.87896,243,3.78517,0,0.0518723,59714811166
129.067,7.74791,7.314,100,51,70,2244,1124,4.87896,243,3.78517,0,0.0518723,59814887100
126.318,7.91651,7.314,100,51,70,2244,1124,4.87896,243,3.78517,0,0.0518723,59914966615
128.81,7.76338,8.42767,100,50,70,2254,1124,4.87896,243,3.78818,0,0.0518723,60015048730
126.761,7.88885,8.42767,100,50,70,2254,1124,4.87896,243,3.78818,0,0.0518723,60115126255
126.096,7.93049,8.42767,100,50,70,2254,1124,4.87896,243,3.78818,0,0.0518723,60215202680
126.582,7.90003,8.42767,100,50,70,2254,1124,4.87896,243,3.78818,0,0.0518723,60315277025
127.166,7.86371,8.42767,100,50,70,2254,1124,4.87896,243,3.78818,0,0.0518723,60415355550
126.663,7.89495,7.54717,100,50,70,2242,1124,4.87896,243,3.78443,0,0.0518723,60515435945
126.454,7.90802,7.54717,100,50,70,2242,1124,4.87896,243,3.78443,0,0.0518723,60615512910
126.193,7.92437,7.54717,100,50,70,2242,1124,4.87896,243,3.78443,0,0.0518723,60715594144
129.075,7.74745,7.54717,100,50,70,2242,1124,4.87896,243,3.78443,0,0.0518723,60815673549
126.707,7.89224,7.54717,100,50,70,2242,1124,4.87896,243,3.78443,0,0.0518723,60915749814
127.089,7.86848,9.05707,100,50,70,2242,1124,4.87896,243,3.78654,0,0.0518723,61015826429
